{"parameters": "parameters/LIB/CI/cdrag.yml", "popsize": 100, "generations": 200, "elitism": 10, "seed": 240393, "prob_crossover": 0.8, "prob_mutation": 0.1, "tsize": 3, "grammar": "grammars/LIB/CI/cdrag.pybnf", "experiment_name": "'results/cdrag'", "run": 1, "include_genotype": true, "save_step": 1, "verbose": true, "min_tree_depth": 0, "max_tree_depth": 10, "size_genotype": 128, "codon_size": 100000, "learning_factor": 0.01, "adaptive": true, "adaptive_increment": 0.001, "algorithm": "'SGE'", "permutation_ramps": 5, "max_wraps": 0, "min_init_tree_depth": null, "optimize": true, "optimize_each": 50, "easy_start": true, "all_valid": true, "cache": true, "clean_cache_each": 10}{"parameters": "'parameters/LIB/CI/cdrag.yml'", "popsize": 100, "generations": 200, "elitism": 10, "seed": 693678, "prob_crossover": 0.8, "prob_mutation": 0.1, "tsize": 3, "grammar": "grammars/LIB/CI/cdrag.pybnf", "experiment_name": "'results/cdrag'", "run": 1, "include_genotype": true, "save_step": 1, "verbose": true, "min_tree_depth": 0, "max_tree_depth": 10, "size_genotype": 128, "codon_size": 100000, "learning_factor": 0.01, "adaptive": true, "adaptive_increment": 0.001, "algorithm": "'SGE'", "permutation_ramps": 5, "max_wraps": 0, "min_init_tree_depth": null, "optimize": true, "optimize_each": 50, "easy_start": true, "all_valid": true, "cache": true, "clean_cache_each": 10}{"parameters": "'parameters/LIB/CI/cdrag.yml'", "popsize": 100, "generations": 200, "elitism": 10, "seed": 308578, "prob_crossover": 0.8, "prob_mutation": 0.1, "tsize": 3, "grammar": "grammars/LIB/CI/cdrag.pybnf", "experiment_name": "'results/cdrag'", "run": 1, "include_genotype": true, "save_step": 1, "verbose": true, "min_tree_depth": 0, "max_tree_depth": 10, "size_genotype": 128, "codon_size": 100000, "learning_factor": 0.01, "adaptive": true, "adaptive_increment": 0.001, "algorithm": "'SGE'", "permutation_ramps": 5, "max_wraps": 0, "min_init_tree_depth": null, "optimize": true, "optimize_each": 50, "easy_start": true, "all_valid": true, "cache": true, "clean_cache_each": 10}{"parameters": "'parameters/LIB/CI/cdrag.yml'", "popsize": 100, "generations": 200, "elitism": 10, "seed": 628139, "prob_crossover": 0.8, "prob_mutation": 0.1, "tsize": 3, "grammar": "grammars/LIB/CI/cdrag.pybnf", "experiment_name": "'results/cdrag'", "run": 1, "include_genotype": true, "save_step": 1, "verbose": true, "min_tree_depth": 0, "max_tree_depth": 10, "size_genotype": 128, "codon_size": 100000, "learning_factor": 0.01, "adaptive": true, "adaptive_increment": 0.001, "algorithm": "'SGE'", "permutation_ramps": 5, "max_wraps": 0, "min_init_tree_depth": null, "optimize": true, "optimize_each": 50, "easy_start": true, "all_valid": true, "cache": true, "clean_cache_each": 10}{"parameters": "'parameters/LIB/CI/cdrag.yml'", "popsize": 100, "generations": 200, "elitism": 10, "seed": 765718, "prob_crossover": 0.8, "prob_mutation": 0.1, "tsize": 3, "grammar": "grammars/LIB/CI/cdrag.pybnf", "experiment_name": "'results/cdrag'", "run": 1, "include_genotype": true, "save_step": 1, "verbose": true, "min_tree_depth": 0, "max_tree_depth": 10, "size_genotype": 128, "codon_size": 100000, "learning_factor": 0.01, "adaptive": true, "adaptive_increment": 0.001, "algorithm": "'SGE'", "permutation_ramps": 5, "max_wraps": 0, "min_init_tree_depth": null, "optimize": true, "optimize_each": 50, "easy_start": true, "all_valid": true, "cache": true, "clean_cache_each": 10}